<?xml version="1.0" encoding="UTF-8"?>
<launch4jConfig>
  <dontWrapJar>false</dontWrapJar>
  <headerType>gui</headerType>
  <jar>C:\Users\Barathi\Desktop\InventoryApplication\MicrobialMatrixInventoryTracker\bin\MicrobialMatrixInventory.jar</jar>
  <outfile>C:\Users\Barathi\Desktop\InventoryApplication\MicrobialMatrixInventoryTracker\bin\MicrobialMatrix.exe</outfile>
  <errTitle>Unable to find jre. Download jre.</errTitle>
  <cmdLine></cmdLine>
  <chdir>.</chdir>
  <priority>normal</priority>
  <downloadUrl>http://java.com/download</downloadUrl>
  <supportUrl></supportUrl>
  <stayAlive>false</stayAlive>
  <restartOnCrash>false</restartOnCrash>
  <manifest></manifest>
  <icon>C:\Users\Barathi\Desktop\InventoryApplication\MicrobialMatrixInventoryTracker\cfg\icon.ico</icon>
  <singleInstance>
    <mutexName>MicrobialMatrix2015</mutexName>
    <windowTitle>An application instance is already running.</windowTitle>
  </singleInstance>
  <classPath>
    <mainClass>main.MainInventory</mainClass>
    <cp>main.MainInventory</cp>
  </classPath>
  <jre>
    <path>../jre/</path>
    <bundledJre64Bit>true</bundledJre64Bit>
    <bundledJreAsFallback>false</bundledJreAsFallback>
    <minVersion>1.8.0_1</minVersion>
    <maxVersion>1.8.0_40</maxVersion>
    <jdkPreference>preferJre</jdkPreference>
    <runtimeBits>32/64</runtimeBits>
  </jre>
  <versionInfo>
    <fileVersion>1.0.0.1</fileVersion>
    <txtFileVersion>1.0.0.1</txtFileVersion>
    <fileDescription>Inventory Tracker</fileDescription>
    <copyright>@Barathi</copyright>
    <productVersion>1.0.0.1</productVersion>
    <txtProductVersion>1.0.0.1</txtProductVersion>
    <productName>MicrobialMatrix.exe</productName>
    <companyName>Microbial Matrix</companyName>
    <internalName>Inventory Tracker</internalName>
    <originalFilename>MicrobialMatrix.exe</originalFilename>
  </versionInfo>
  <messages>
    <startupErr>An error occurred while starting the application.</startupErr>
    <bundledJreErr>This application was configured to use a bundled Java Runtime Environment but the runtime is missing or corrupted.</bundledJreErr>
    <jreVersionErr>This application requires a Java Runtime Environment</jreVersionErr>
    <launcherErr>The registry refers to a nonexistent Java Runtime Environment installation or the runtime is corrupted.</launcherErr>
    <instanceAlreadyExistsMsg>An application instance is already running.</instanceAlreadyExistsMsg>
  </messages>
</launch4jConfig>